Class_10,Class_11,Class_sum,Class_8,Class_12,Class_7,Class_13,Class_14,Class_9,Class_15,Class_16,Class_17,Class_2,Class_1,Class_4,Class_3,Class_6,Class_5,system:index,GDP_MD_EST,ISO_A2,ISO_A3,POP_RANK,CONTINENT,INCOME_GRP,POP_EST,SUBREGION,NAME
0.07004809586741176,0.002325520143404493,19363.410000000003,0.013813166172693755,0.020892497757368147,0.0,0.0,0.004198124194034005,0.0425901222976738,0.0,0.0,0.2552752846735156,0.5908571888938983,0.0,0.0,0.0,0.0,0.0,0,8374,FJ,FJI,11,Oceania,4. Lower middle income,920938,Melanesia,Fiji
0.41273501209058544,0.002272398164460544,932754.6699999999,0.018651378073507797,0.015259017679321831,4.3337226068243653E-4,6.491524722143713E-4,0.0024205400118768637,0.4097119235007422,0.0,6.438027268199044E-4,0.07097598342766807,0.013851938152183146,0.0,0.02560946706383148,0.0,3.8752955265289644E-4,0.026398484823453097,1,150600,TZ,TZA,16,Africa,5. Low income,53950935,Eastern Africa,Tanzania
1.9765738249289297E-4,0.0,96682.45,0.0,0.0,0.0,0.0,0.0,0.0,0.0,0.9992521910646658,5.501515528412861E-4,0.0,0.0,0.0,0.0,0.0,0.0,2,906.5,EH,ESH,11,Africa,5. Low income,603253,Northern Africa,W. Sahara
0.19252913721395504,0.023815532537964482,1.0037104969999999E7,0.1867521646533104,0.05075719458177591,0.09262375085034108,9.293107950827779E-4,7.582933547819617E-4,0.15302428385383324,0.022624621410131576,0.034250309329982034,0.074074423075402,4.540153773045576E-5,0.0876724287162656,0.010081596267294992,1.0858310272309526E-4,8.194593983607607E-6,0.06994477412544188,3,1674000,CA,CAN,15,North America,1. High income: OECD,35623680,Northern America,Canada
0.30770145752824396,0.0041796030923728356,9510132.690000001,0.14597899159280814,0.1493568666495651,0.1001886294396172,0.01301477003892361,0.0074659894151277075,0.07593164612301534,0.007844280666918852,0.02219414248782684,0.03853407012767978,0.005410519671729206,0.0295434216491463,0.07042088494771569,0.0,0.0012679896688171234,0.020966736900492184,4,18560000,US,USA,17,North America,1. High income: OECD,326625791,Northern America,United States of America
0.8582513795785636,0.0017319145582808215,2728922.1500000004,0.0022821867600730196,0.04792461375272284,0.0017944300829541798,7.961934714773742E-4,0.0,0.0019429136151795316,0.0019525621132138195,0.057172411459227586,0.022611388895795358,0.0,2.1837926010458012E-4,1.1405602024960659E-4,5.170539584648832E-6,9.638604018073581E-5,0.0031060138523922344,5,460700,KZ,KAZ,14,Asia,3. Upper middle income,18556698,Central Asia,Kazakhstan
0.4187721625367779,8.546488795117866E-4,461265.45,0.0,0.10948162278358371,0.04351821711337799,0.016042302756471356,0.0,1.7612418185667276E-4,0.0044021072898479605,0.3641279441154763,0.042624870343096366,0.0,0.0,0.0,0.0,0.0,0.0,6,202300,UZ,UZB,15,Asia,4. Lower middle income,29748859,Central Asia,Uzbekistan
0.008221254608573966,0.014475911623025377,464487.5,0.0563806345703598,4.108614333001426E-4,0.0,3.167792459431093E-4,0.001927220861702414,0.03325656772248984,0.0,0.0,0.05999199117306709,0.8250187787615382,0.0,0.0,0.0,0.0,0.0,7,28020,PG,PNG,13,Oceania,4. Lower middle income,6909701,Melanesia,Papua New Guinea
0.010841864119191415,0.01941277703439603,1819096.7700000003,0.19050177852825276,0.02090519901258469,0.0,0.005454140848152899,0.04223356407806716,0.04387814398680945,0.0,3.503936736691583E-5,0.06120303319542478,0.6045604819583071,0.0,9.272623797798288E-4,0.0,3.510533417086986E-5,1.1610157495909356E-5,8,3028000,ID,IDN,17,Asia,4. Lower middle income,260580739,South-Eastern Asia,Indonesia
0.3144273260002558,0.007741878149379801,2784339.8700000006,0.031375436936152475,0.12658223365526133,0.2376834944363311,0.004116839371337235,5.677144579336142E-4,0.14624101187761965,6.330764498229161E-4,0.07879024840455269,0.015506634252951308,0.0091235198237491,0.0015746533127078337,0.021183502285588428,0.0,3.420846751729342E-4,0.004110345911183607,9,879400,AR,ARG,15,South America,3. Upper middle income,44293293,South America,Argentina
0.11953622752518635,0.017673199183912747,814996.1900000001,0.031347925687848915,0.0036608882797353934,0.03969110579523077,0.004056374791150863,0.0034695499619452207,0.08703613694194079,0.026817340090878213,0.3416313639453946,0.1125398021799341,0.08853269608536452,0.04124703944935006,0.005928825262361042,0.0,0.004631579934134415,0.07219994488563192,10,436100,CL,CHL,14,South America,3. Upper middle income,17789267,South America,Chile
0.0195627333728678,0.00580397251549062,2323374.199999999,0.14655528153837646,1.1811270005494602E-4,0.0,5.673860026508002E-4,5.193093734104479E-4,0.2724833778390069,0.0,0.0,0.01039815282445678,0.5152144153102847,0.0,0.01589703027605283,0.0,4.3901666808558024E-6,0.01287583808066734,11,66010,CD,COD,16,Africa,5. Low income,83301151,Middle Africa,Dem. Rep. Congo
0.5301444370123939,0.0,484179.22000000003,0.0,5.716271755735406E-4,0.24025349538957907,1.9364730274876315E-4,0.0,0.008529341676414778,0.0,0.1652225801842549,0.025456049105122686,0.0,0.0,0.0,0.0,0.029628822153912344,0.0,12,4719,SO,SOM,13,Africa,5. Low income,7531386,Eastern Africa,Somalia
0.7180970258368852,9.085512955599196E-4,590742.6499999999,0.004830275924719504,0.023734480657524898,0.08727489034353623,7.261368380969277E-4,0.027673708678389825,0.0609108382474162,0.0,0.030853435078709825,0.020601695171323757,0.012265831830493365,0.0,1.0828742431243115E-4,0.0,0.01201484267303199,0.0,13,152700,KE,KEN,15,Africa,5. Low income,47615739,Eastern Africa,Kenya
0.3528000011070134,0.0,1850022.84,0.0,0.03467813943313262,0.005507488761598208,9.38993812638551E-4,1.6134395400221112E-4,0.0036704087393861578,0.0,0.6013800132327015,8.63610959527397E-4,0.0,0.0,0.0,0.0,0.0,0.0,14,176300,SD,SDN,15,Africa,4. Lower middle income,37345935,Northern Africa,Sudan
0.3419981581600667,8.409850643413785E-5,1270533.8599999999,0.0,0.08191417267698793,0.0,9.86671854617082E-5,3.5570874120584246E-4,0.01930209872564908,0.0,0.551480414697488,4.841744241275081E-4,0.0,0.0,0.004166059769552305,0.0,0.0,1.1644711302696018E-4,15,30590,TD,TCD,14,Africa,5. Low income,12075985,Middle Africa,Chad
0.09042694319913164,0.00628149377721341,28531.43,0.11686585635560502,0.23823551781316252,7.048367361888275E-4,0.013465851518833791,0.07872651318212931,0.33763081626122493,0.0,0.0,0.11196284238119154,0.005699328775319009,0.0,0.0,0.0,0.0,0.0,16,19340,HT,HTI,14,North America,5. Low income,10646714,Caribbean,Haiti
0.052442934981817145,0.0013509155178346804,48152.53000000001,0.36612240312191274,0.03523781616459196,0.0,0.012113589877831961,0.032284284958651176,0.3164512851141985,0.0,0.0,0.05493127775425298,0.12822815332859974,0.0,4.197079571935264E-4,0.0,0.0,4.1763122311537927E-4,17,161900,DO,DOM,14,North America,3. Upper middle income,10734247,Caribbean,Dominican Rep.
0.1322801344870016,0.017581385019854193,1.7020068650000002E7,0.16404234186211697,0.06673116503557698,0.19896783495053644,0.0013716131515133457,0.0024827338167052572,0.15580817942235503,0.0038337348304408863,0.007000650376342636,0.02788141868041172,0.0,0.037462767813219125,0.020821109907802865,0.016532460931055055,0.001960008545558951,0.14524246116950884,18,3745000,RU,RUS,17,Europe,3. Upper middle income,142257519,Eastern Europe,Russia
0.12212705187657451,0.1254029941753181,15580.25,0.020607499879655333,0.0,0.0,0.0024556730476083502,0.0,0.10984611928563406,0.0,0.015915020619052967,0.564863208228366,0.03878243288779063,0.0,0.0,0.0,0.0,0.0,19,9066,BS,BHS,10,North America,2. High income: nonOECD,329988,Caribbean,Bahamas
0.3379948736905457,0.0055124629197967805,16366.55,0.0,0.0,0.0,0.0,0.0,0.2898100088289835,0.0,0.0,0.36668265456067406,0.0,0.0,0.0,0.0,0.0,0.0,20,281.8,FK,FLK,4,South America,1. High income: OECD,2931,South America,Falkland Is.
0.3110337328631656,0.004040793229874694,397407.12,0.12095674078511728,0.0035681293279295045,0.0932754803185207,9.71346462036211E-4,3.5849886131884097E-4,0.059232607609043336,0.09232859240166608,0.05209310291169418,0.15618195265349047,0.0,0.09505858878421705,4.717077036767736E-4,0.0,4.207272381028302E-5,0.010386653364438966,21,364700,NO,NOR,13,Europe,1. High income: OECD,5320045,Northern Europe,Norway
0.049527571400165685,1.0985304861988363E-4,2206948.31,0.0,0.0,2.556607227470588E-4,0.0,0.0,2.1264657530651453E-5,0.8393703430235754,0.05795524952734394,0.05275037003472002,0.0,9.687585297364758E-6,0.0,0.0,0.0,0.0,22,2173,GL,GRL,8,North America,2. High income: nonOECD,57713,Northern America,Greenland
0.20693672848163372,0.12777461803287038,11586.73,0.0,0.0,0.0,0.0,0.0,0.06884945105305812,0.05069247319994511,0.1530880584945019,0.3926586707379908,0.0,0.0,0.0,0.0,0.0,0.0,23,16,TF,ATF,1,Seven seas (open ocean),2. High income: nonOECD,140,Seven seas (open ocean),Fr. S. Antarctic Lands
0.03584679494719494,0.0,14707.869999999999,0.22696216379394163,0.015769108647275237,0.0,0.0,0.00149375810365471,0.5263474588774582,0.0,0.0,0.10468681053068868,0.06850278116409786,0.0,0.02007632648371246,0.0,0.0,3.147974519763909E-4,24,4975,TL,TLS,12,Asia,4. Lower middle income,1291358,South-Eastern Asia,Timor-Leste
0.4577131372407432,1.4055539556901417E-4,1216317.59,0.004828936166252434,0.050419191915164197,0.40166621285153,0.005612539073779242,8.958351083289027E-4,0.041268136227479865,0.0,0.00881397267304175,0.006270599112194044,0.00974039189879676,1.7931172071596857E-4,0.0023081718319966082,0.0,0.009944935516389268,1.9807326801875815E-4,25,739100,ZA,ZAF,16,Africa,3. Upper middle income,54841552,Southern Africa,South Africa
0.967881770819317,0.0,27497.78,0.0,0.016622796458477737,0.014189872782457348,0.0013055599397478633,0.0,0.0,0.0,0.0,0.0,0.0,0.0,0.0,0.0,0.0,0.0,26,6019,LS,LSO,12,Africa,4. Lower middle income,1958042,Southern Africa,Lesotho
0.240523287027942,0.0037196375134021476,1969283.29,0.10985401191313618,0.06444320156700258,0.20858616537593228,0.0038440787257175172,0.009158860023638346,0.18220273935295514,0.0,0.025240065892195733,0.023721579438172147,0.07581209913176078,7.736113984900567E-4,0.04381243188226108,0.0,0.0030717165126608065,0.005236514244733169,27,2307000,MX,MEX,17,North America,3. Upper middle income,124574795,Central America,Mexico
0.6280641794512379,0.0013613518007958457,176860.96999999997,2.064333357438897E-4,0.019107664059515226,0.0,0.0023960628509500995,0.0,0.3086376830343066,0.0,0.0,0.017744389844746414,0.022482235622704096,0.0,0.0,0.0,0.0,0.0,28,73250,UY,URY,12,South America,3. Upper middle income,3360148,South America,Uruguay
0.20972997325568474,0.005657030895729629,8508155.76,0.03469902859418267,0.033610786881033784,4.9084667909276734E-5,0.0036100702509940887,0.009211922326161082,0.25879074291888615,0.0,1.4070029202192227E-4,0.014533223590161447,0.4236810140391694,2.4306090042714496E-6,0.0030176892295164094,0.0,0.003075829914049434,1.9047253549575355E-4,29,3081000,BR,BRA,17,South America,3. Upper middle income,207353391,South America,Brazil
0.14466150832387356,0.00336344427220767,1085179.2699999998,0.06201085098133142,0.021875943133340545,0.08680425677501194,0.0010517064152911807,2.4521294071531616E-4,0.14920709828893067,1.8918533156277493E-5,0.05508561732846225,0.006627596194313592,0.32921090540183284,3.765276496665846E-5,0.13938611267426815,0.0,0.0,4.131759722981071E-4,30,78350,BO,BOL,14,South America,4. Lower middle income,11138234,South America,Bolivia
0.2507901021741996,0.0033334758058817665,1309492.0299999998,0.023173963113009555,0.006975926382690547,0.02508841539111926,0.0030319313970929634,3.5605409526623855E-4,0.022628568422825762,4.2975442928048986E-4,0.08278287879308438,0.019746664666603585,0.5604222348722505,2.3794722904880913E-4,9.539118768061538E-4,0.0,1.5830565994357372E-5,3.234078484616665E-5,31,410400,PE,PER,15,South America,3. Upper middle income,31036656,South America,Peru
0.057642809607849434,0.004769506386019735,1151827.7900000003,0.11994049909144834,7.755499630721705E-4,0.0018220171610896796,0.002250353761650428,0.00510867167044129,0.2688124237738698,0.0,3.278615113115129E-4,0.013785116262909403,0.5231953641264375,0.0,6.141803541656168E-4,0.0,9.556463297347599E-4,0.0,32,688000,CO,COL,15,South America,3. Upper middle income,47698524,South America,Colombia
0.020173415835853664,0.01539486503810175,75244.57000000002,0.18554295678744653,0.003010582690551623,0.0,0.0039883276627137336,2.804189059755408E-4,0.2702677415792262,0.0,0.0,0.062183091750009314,0.4391585997501214,0.0,0.0,0.0,0.0,0.0,33,93120,PA,PAN,12,North America,3. Upper middle income,3753142,Central America,Panama
0.03578063348873625,0.007258907024492821,53823.529999999984,0.43588575479906294,0.009279398805689633,0.0,0.008192141986971128,0.0,0.09780313554313515,0.0,0.0,0.05365924531519952,0.32400216039341906,0.0,0.027747715543740822,0.0,3.90907099552928E-4,0.0,34,79260,CR,CRI,12,North America,3. Upper middle income,4930258,Central America,Costa Rica
0.020358495479145148,0.012738573223906317,129534.13,0.302763449293248,0.02636849454271241,0.0,8.049615958357847E-4,0.003375944239560647,0.35698089762134505,0.0,0.0,0.09203906337271883,0.181035067746238,0.0,0.0033750178427878427,0.0,1.6003504250192594E-4,0.0,35,33550,NI,NIC,13,North America,4. Lower middle income,6025951,Central America,Nicaragua
0.023375474893433244,0.008764484760564593,113780.78999999998,0.46335317235888424,0.014088230535224797,0.0,0.0021747959387520516,0.0012669098184324439,0.19835852783233446,0.0,0.0,0.027567395163981552,0.2586885712430016,0.0,0.0016348981229608271,0.0,0.0,7.275393324303691E-4,36,43190,HN,HND,13,North America,4. Lower middle income,9038741,Central America,Honduras
0.005957404438589428,0.024663032067542463,20889.97,0.2639233086500364,0.05681961247431183,0.0,0.00893155902090812,0.09959468587077915,0.44539508673301115,0.0,0.0,0.03128582760051833,0.04680284366133604,0.0,0.016626639482967182,0.0,0.0,0.0,37,54790,SV,SLV,13,North America,4. Lower middle income,6172011,Central America,El Salvador
0.020446357528271977,6.11839198132465E-4,109440.52,0.4050920993430952,0.02351432540707957,0.0,0.0032054855002516436,0.030440462088447678,0.2148680397351913,0.0,0.0,0.011622751792480518,0.28126300934973625,0.0,0.006678056719759738,0.0,0.0,0.002257573337553586,38,131800,GT,GTM,14,North America,4. Lower middle income,15460732,Central America,Guatemala
0.09509998833730335,0.01824281734447204,22036.07,0.11228363315237246,1.7652875490048816E-4,0.0,1.9831122337149955E-4,9.203092929002313E-4,0.0599839263534741,0.0,0.0,0.03149926461478839,0.6815952209264174,0.0,0.0,0.0,0.0,0.0,39,3088,BZ,BLZ,10,North America,4. Lower middle income,360346,Central America,Belize
0.20021024816191646,0.005204169834915818,908440.76,0.07590227457429365,0.008851287121903249,0.0018390962554344216,0.003980413648546549,5.666302335443425E-4,0.22076058102016471,0.0,1.4942086042022158E-4,0.020840478359865754,0.4554961514496554,0.0,0.00492125650548749,0.0,0.0012548644338679828,2.3127539984005122E-5,40,468600,VE,VEN,15,South America,3. Upper middle income,31304016,South America,Venezuela
0.059432955674952596,0.0019231843578081974,209787.47999999995,0.0231739758731074,0.005039290237911244,0.0,1.8828578330794577E-4,0.002371924196810983,0.015624669308197042,0.0,0.0,0.0038564741804420367,0.8883840923204761,0.0,0.0,0.0,5.1480669866476314E-6,0.0,41,6093,GY,GUY,11,South America,4. Lower middle income,737718,South America,Guyana
0.006114915829007518,0.003251111820208761,144252.19,0.006009752780876325,0.0025669627615358907,0.0,8.708359990929774E-4,6.343057945948688E-5,0.005995264266005251,0.0,0.0,0.015370373233155073,0.9597573527306588,0.0,0.0,0.0,0.0,0.0,42,8547,SR,SUR,11,South America,3. Upper middle income,591919,South America,Suriname
0.04900946870168724,0.00152848458173376,644841.31,0.08156599024339801,0.310233737971905,0.0,0.017746319633275352,0.07839305456407561,0.19419447553693478,0.0,0.0011037909466439114,0.03128504592858668,0.1330739961433302,0.00937796618519989,0.03507281504654223,0.0,0.0,0.05741485451668721,43,2699000,FR,FRA,16,Europe,1. High income: OECD,67106161,Western Europe,France
0.05686666867948561,0.006178250698939413,250726.31,0.0981791659598867,0.01459140845649585,0.0,0.00856507639744708,0.017596557776485444,0.2649794909836148,4.251249101061632E-4,6.801041342649681E-4,0.018986120762515907,0.5099628355715841,0.0,0.0027344557497775163,0.0,1.699462653121645E-4,8.479365408440782E-5,44,182400,EC,ECU,14,South America,3. Upper middle income,16290913,South America,Ecuador
0.02525797780090184,0.0012411116892126256,9225.6,0.4423809833506764,0.04179457162677766,0.0,0.13985865417967394,0.004400797780090184,0.01913479882067291,0.0,0.0,0.11491068331599028,0.21102042143600416,0.0,0.0,0.0,0.0,0.0,45,131000,PR,PRI,12,North America,2. High income: nonOECD,3351827,Caribbean,Puerto Rico
0.011963445029077816,0.007901781593279793,12457.95,0.42674677615498535,0.04623874714539711,0.0,0.021182457787998824,0.003261371252894738,0.046982047608153825,0.0,0.0,0.15345141054507364,0.2822719628831389,0.0,0.0,0.0,0.0,0.0,46,25390,JM,JAM,12,North America,3. Upper middle income,2990561,Caribbean,Jamaica
0.01182130080365065,0.036820166810595994,114859.60999999999,0.11442055218540269,0.10020232525602343,0.0,0.004171091996568681,0.20212248674708194,0.23546458150084265,0.0,8.645336685367468E-4,0.11239573249465153,0.13085165446757133,0.0,0.05006964589205901,0.0,1.7403855019183854E-4,6.218896268235633E-4,47,132900,CU,CUB,14,North America,3. Upper middle income,11147407,Caribbean,Cuba
0.8303211386250406,2.8255727837597815E-4,376277.68999999994,7.476659059961808E-4,0.04472056262490609,0.009137347473351397,0.0013976911572939656,5.442788808446231E-5,0.07552284059147914,0.0,5.299277775411028E-5,0.00853212955570127,7.544693920067385E-4,0.0,0.0024274891237904645,0.0,0.025940602537450473,1.0808506876929113E-4,48,28330,ZW,ZWE,14,Africa,5. Low income,13805084,Eastern Africa,Zimbabwe
0.6156994208520301,0.004997634751581337,591904.0,0.0,0.0,0.3466892266313456,3.433158079688598E-4,0.0,0.001498486241012056,0.0,0.002800707547169811,0.00685183746012867,0.0,0.0,0.0,0.0,0.02111937070876358,0.0,49,35900,BW,BWA,12,Africa,3. Upper middle income,2214858,Southern Africa,Botswana
0.26534450673591164,1.0602353140715961E-4,825194.1699999999,0.0,8.111060697387139E-4,0.46671525805859737,1.4449932432266215E-4,2.466086254584179E-5,5.584140275736558E-5,0.0,0.21091963119419518,0.00858519153134589,0.0,0.0,0.0,0.0,0.047293281289178285,0.0,50,25990,NA,NAM,12,Africa,3. Upper middle income,2484780,Southern Africa,Namibia
0.8191122649053498,0.01008773746099707,194392.45,0.0,0.0876847326117861,0.0017154987243588936,0.0019055781230186664,1.0597119384008998E-4,0.0485196827345918,0.0,0.003074502121867387,0.027071421755320225,0.0,0.0,7.226103688697786E-4,0.0,0.0,0.0,51,39720,SN,SEN,14,Africa,4. Lower middle income,14668522,Western Africa,Senegal
0.38944931921194076,1.6703722329994793E-4,1234575.1199999999,0.0,0.007322340984807794,6.651357108184718E-4,2.863333257517777E-4,0.0,0.009291650069863712,0.0,0.5923133620253096,5.048214482080281E-4,0.0,0.0,0.0,0.0,0.0,0.0,52,38090,ML,MLI,14,Africa,5. Low income,17885245,Western Africa,Mali
0.16836968351765907,0.0,1052930.47,0.0,2.2632073701884608E-5,9.646031043246379E-4,5.8493890864417673E-5,0.0,0.0,0.0,0.8255556798541503,0.005028907559299713,0.0,0.0,0.0,0.0,0.0,0.0,53,16710,MR,MRT,12,Africa,5. Low income,3758571,Western Africa,Mauritania
0.3346981109141919,5.435461776625857E-4,116990.98,0.0,0.3609140636312304,0.0,0.004887983671903595,0.07091486882151085,0.21487229186386847,0.0,0.0,0.013169134919632267,0.0,0.0,0.0,0.0,0.0,0.0,54,24310,BJ,BEN,14,Africa,5. Low income,11038805,Western Africa,Benin
0.19789586162603046,9.082494782808527E-4,1181569.63,0.0,0.024954111252842547,0.00279745680328632,1.0528368099643863E-4,0.0394746943521221,4.353784888665427E-4,0.0,0.7329639811409168,4.6498317665798504E-4,0.0,0.0,0.0,0.0,0.0,0.0,55,20150,NE,NER,14,Africa,5. Low income,19245344,Western Africa,Niger
0.3874544959515304,0.01455242289690694,905032.11,0.020545878753406882,0.3344023782758382,0.0,0.00610199344197854,0.0695018655194455,0.1329978336348751,0.0,5.309535371070978E-4,0.012310027320467116,0.021439007285608908,0.0,1.397629969173138E-4,0.0,0.0,2.338038591802008E-5,56,1089000,NG,NGA,17,Africa,4. Lower middle income,190632261,Western Africa,Nigeria
0.030033404123413543,0.006776633746585416,460290.48000000004,0.06898382951565715,0.11428337601073131,0.0,0.0013848428931226208,0.025477433293862605,0.28886461001756975,0.0,3.8562605074951793E-5,0.014837347928638453,0.4437545612501045,0.0,0.0023122138002941097,0.0,0.0,0.0032531848149455534,57,77240,CM,CMR,15,Africa,4. Lower middle income,24994885,Middle Africa,Cameroon
0.48872539370078744,0.0,60960.0,0.011400426509186353,0.039519685039370075,0.0,0.005915682414698163,0.010138123359580052,0.4194202755905512,0.0,0.0,0.024533136482939633,3.472769028871391E-4,0.0,0.0,0.0,0.0,0.0,58,11610,TG,TGO,13,Africa,5. Low income,7965055,Western Africa,Togo
0.39994474568061716,3.967450720474921E-4,243456.08000000002,0.09680937111942327,0.0700054810707541,0.0,0.007954987199333859,0.04139494072195691,0.29860207229164293,0.0,0.0,0.04646821718315681,0.038423439661067406,0.0,0.0,0.0,0.0,0.0,59,120800,GH,GHA,15,Africa,4. Lower middle income,27499924,Western Africa,Ghana
0.11143567517422384,0.0014644193074732049,329809.91,0.10791773964584629,0.0,0.0,0.0027645924890492223,0.01711952803358759,0.7137366490897743,0.0,0.0,0.01321946329629695,0.03234193296374873,0.0,0.0,0.0,0.0,0.0,60,87120,CI,CIV,15,Africa,4. Lower middle income,24184810,Western Africa,CÃ´te d'Ivoire
0.08746884269132356,0.012862074308678428,239558.56000000003,0.04154825442263469,0.018695387048578017,0.0,0.0014054183661815298,0.024447884475511956,0.7887654275430608,0.0,0.0,0.015812041949158483,0.007141385388190678,0.0,0.0018532838066817566,0.0,0.0,0.0,61,16080,GN,GIN,14,Africa,5. Low income,12413867,Western Africa,Guinea
0.04248594563756849,0.06695681054119355,36161.369999999995,0.015296710273974688,0.0,0.0,0.0017322352554673677,0.0,0.6852489272392059,0.0,0.0012474637990761966,0.13855116661785769,0.0,0.0,0.04617219978114768,0.0,0.0,0.0023085408545085546,62,2851,GW,GNB,12,Africa,5. Low income,1792338,Western Africa,Guinea-Bissau
4.3053687683783896E-4,0.0010801098989164988,98202.97000000002,0.420715992601853,0.0,0.0,0.0017268316834002065,3.9907143337925515E-4,0.019513971929769534,0.0,0.0,0.0674614016256331,0.48867208395021045,0.0,0.0,0.0,0.0,0.0,63,3881,LR,LBR,12,Africa,5. Low income,4689021,Western Africa,Liberia
0.0019137512749895648,0.027902017093054062,75971.21,0.4355893502288564,0.001390131867058587,0.0,9.99325928861736E-4,0.05492936074073323,0.4129156294864857,0.0,0.0,0.047927102911747746,0.01643333046821289,0.0,0.0,0.0,0.0,0.0,64,10640,SL,SLE,13,Africa,5. Low income,6163195,Western Africa,Sierra Leone
0.9469777909373072,0.0,271573.37000000005,0.0,0.04532134354704954,0.0,0.001075768216891074,0.0024845587768786014,0.0,0.0,0.004063469109655338,7.706941221814199E-5,0.0,0.0,0.0,0.0,0.0,0.0,65,32990,BF,BFA,15,Africa,5. Low income,20107509,Western Africa,Burkina Faso
0.06798835607294763,3.0007352517014444E-4,621814.27,0.05451124497351918,0.0015967790510822467,0.0,2.392997510333753E-4,3.4045535815702656E-5,0.5128505654912037,0.0,0.0,0.0,0.1565748081014609,0.0,0.0894050405115341,0.0,0.0,0.11649978698623303,66,3206,CF,CAF,13,Africa,5. Low income,5625118,Middle Africa,Central African Rep.
0.11765137983105743,0.0024302679875013947,339653.9,0.05353187465240352,0.0,0.0,8.813088853094281E-4,6.25636861522862E-5,0.18635873163829414,0.0,0.0,0.0066974352421685715,0.6323864380771131,0.0,0.0,0.0,0.0,0.0,67,30270,CG,COG,12,Africa,4. Lower middle income,4954674,Middle Africa,Congo
0.029694157874610477,0.008758556519343316,269455.36,0.08896527424802386,0.0,0.0,7.120659986129057E-4,0.0,0.012273572884206127,0.0,0.0,0.03665675828456336,0.82293961419064,0.0,0.0,0.0,0.0,0.0,68,35980,GA,GAB,12,Africa,3. Upper middle income,1772255,Middle Africa,Gabon
7.859188132220236E-4,0.009591823788962173,27114.760000000002,0.13288777035090849,0.0,0.0,7.859188132220236E-4,0.0,0.0,0.0,0.0,0.10498857448858111,0.750959993745104,0.0,0.0,0.0,0.0,0.0,69,31770,GQ,GNQ,11,Africa,2. High income: nonOECD,778358,Middle Africa,Eq. Guinea
0.25144786688883985,0.010125567438211887,751780.0899999999,0.14894666869935333,0.0024823083569558224,1.3654258920318046E-4,8.200004339034839E-4,5.5840797805645536E-5,0.448109459775664,0.0,0.0,0.015398545603941176,0.004776024329135932,0.0,0.04732340011824469,0.0,1.9243659405771175E-4,0.07018533837468349,70,65170,ZM,ZMB,14,Africa,4. Lower middle income,15972000,Eastern Africa,Zambia
0.3248355411818191,0.004492741957605172,111190.45000000001,0.02534570190155719,0.22545893105028353,0.0,5.586810737792679E-4,0.0022760048187591645,0.24158018966556927,0.0,0.0,0.12282277839508697,0.007522948238810077,0.0,0.019539627728820234,0.0,0.0,0.02556685398790993,71,21200,MW,MWI,14,Africa,5. Low income,19196246,Eastern Africa,Malawi
0.21790975892550993,0.0021435178220698967,811059.2699999998,0.0660750600877788,0.006734859216885594,6.095978657638672E-4,4.710999727553821E-4,6.67263195203971E-4,0.5583653830872313,0.0,2.568246337903271E-5,0.021670833008295445,0.004836921474308532,0.0,0.0981026701044919,0.0,9.514717709841356E-4,0.021435881005342564,72,35010,MZ,MOZ,15,Africa,5. Low income,26573706,Eastern Africa,Mozambique
0.6543739061784013,0.0,18113.1,0.019003925335806686,0.029214767212680324,0.01660069231661063,0.001602155346130701,0.0,0.20487161225853115,0.0,0.0,0.0,0.05190994363195699,0.0,0.021363543512706275,0.0,0.001059454207176022,0.0,73,11060,SZ,SWZ,12,Africa,4. Lower middle income,1467152,Southern Africa,eSwatini
0.32875052939565214,0.0022789122915989925,1245028.17,0.18486150397705461,0.002528023120954765,0.010123795030276304,4.224241769565744E-4,0.0014091889985107728,0.35978919256100045,0.0,0.01352441688126623,0.013940664491149626,0.04370422397751852,0.0,0.012815661833579236,0.0,0.009081987277444494,0.01676947598703731,74,189000,AO,AGO,15,Africa,3. Upper middle income,29310273,Middle Africa,Angola
0.203669800306236,0.0032464673655128885,26234.67,8.115215476314358E-4,0.2647172615474104,0.0024338022929200178,0.0024341834679071626,0.20099890717131189,0.24242348007426814,0.0,0.0,0.0708154514617489,0.008449124765053268,0.0,0.0,0.0,0.0,0.0,75,7892,BI,BDI,14,Africa,5. Low income,11466756,Eastern Africa,Burundi
0.16917954811564292,0.0,23025.36,0.0,0.22341322784964057,0.030893762355941448,0.043904633847201516,0.0,0.001569139418449918,0.0,0.49337947376284236,0.03766021465028126,0.0,0.0,0.0,0.0,0.0,0.0,76,297000,IL,ISR,13,Asia,1. High income: OECD,8299706,Western Asia,Israel
0.39847762507133344,0.0,10093.44,0.0,0.23925242533764504,0.24113681757656458,0.033436568702048065,0.0,0.03146895409295542,0.0,0.005785936212034747,0.050441673007418676,0.0,0.0,0.0,0.0,0.0,0.0,77,85160,LB,LBN,13,Asia,3. Upper middle income,6229794,Western Asia,Lebanon
0.6769892810244744,0.004024458479728097,589294.19,0.08436327872161782,0.002924023398228311,0.006059316485031017,2.065861195746729E-4,2.66420410491405E-4,0.09720333404271304,0.0,5.233379273601866E-5,0.017781933332823123,0.08976966156751011,0.0,0.017442340641437515,0.0,0.002674436685011268,2.4259529862325646E-4,78,36860,MG,MDG,15,Africa,5. Low income,25054161,Eastern Africa,Madagascar
0.3368642889490954,0.0,5034.52,0.0,0.2788865671404622,0.2042419138269388,0.03639671706538061,0.0,0.0,0.0,0.12957541135997075,0.014035101658152116,0.0,0.0,0.0,0.0,0.0,0.0,79,21220.77,PS,PSE,12,Asia,4. Lower middle income,4543126,Western Asia,Palestine
0.5276459695928916,0.04588160721454031,14025.01,0.0,0.33577302262173075,0.0,0.007398925205757428,0.0,0.010305875004723703,0.0,0.0,0.07299460036035625,0.0,0.0,0.0,0.0,0.0,0.0,80,3387,GM,GMB,12,Africa,5. Low income,2051363,Western Africa,Gambia
0.04686334819388605,2.1932435044280863E-4,156252.6,0.0032048106719504187,0.16990130084235397,0.15522589704107323,0.003382855709280998,0.0,0.0014323601655268456,0.0,0.5842147266669483,0.028840032101865823,0.006049755332071274,6.655889246002946E-4,0.0,0.0,0.0,0.0,81,130800,TN,TUN,14,Africa,3. Upper middle income,11403800,Northern Africa,Tunisia
0.01825104356313211,2.9629809227472406E-5,2317935.9499999997,9.886511316242368E-4,0.02764880970934508,0.04460489082970563,7.840294292859991E-4,1.4806276247624533E-5,0.0015619025193513221,0.0,0.9005916103937213,0.003965894743554067,8.697134189579312E-4,6.371573813331642E-4,7.411766489923935E-6,0.0,0.0,4.4449028024264435E-5,82,609400,DZ,DZA,15,Africa,3. Upper middle income,40969443,Northern Africa,Algeria
0.007140078063357208,0.0,89109.67000000001,0.0,0.024461991611011463,0.05760901145745462,0.0065184844697550775,0.0,0.0,0.0,0.8943068692769257,0.009963565121495791,0.0,0.0,0.0,0.0,0.0,0.0,83,86190,JO,JOR,14,Asia,3. Upper middle income,10248069,Western Asia,Jordan
4.853426883011544E-4,0.0,80025.93000000001,0.0,0.0,0.006383056091944198,0.00686352535984274,0.0,0.0,0.0,0.9421861139258237,0.04408196193408811,0.0,0.0,0.0,0.0,0.0,0.0,84,667200,AE,ARE,13,Asia,2. High income: nonOECD,6072475,Western Asia,United Arab Emirates
0.0,0.0,11326.29,0.0,0.0,0.0,0.025465531961480766,0.0,0.0,0.0,0.8954273641236451,0.07910710391487415,0.0,0.0,0.0,0.0,0.0,0.0,85,334500,QA,QAT,12,Asia,2. High income: nonOECD,2314307,Western Asia,Qatar
0.007392033217866624,0.0,16636.83,0.0,0.0011216079024669963,0.0,0.030856238838769163,0.0,0.0,0.0,0.9084519106103746,0.05217820943052252,0.0,0.0,0.0,0.0,0.0,0.0,86,301100,KW,KWT,12,Asia,2. High income: nonOECD,2875422,Western Asia,Kuwait
0.13686849860199402,0.0016727217268881407,437215.58,0.0,0.10362633920776565,0.0662624373998749,0.0065110442770589284,4.062069334308718E-5,0.0012709062197646295,0.0,0.6729630723589494,0.010784359514361314,0.0,0.0,0.0,0.0,0.0,0.0,87,596700,IQ,IRQ,15,Asia,4. Lower middle income,39192111,Western Asia,Iraq
0.01304735646650997,0.0,309096.33,0.0,3.9579894073798935E-4,0.003991182942870917,5.0191472671319E-4,0.0,0.0,0.0,0.9687559862001596,0.013307760723008261,0.0,0.0,0.0,0.0,0.0,0.0,88,173100,OM,OMN,12,Asia,2. High income: nonOECD,3424386,Western Asia,Oman
0.0,1.4016633071244544E-4,7491.1,0.0,0.0,0.0,0.0,0.0,0.0,0.0,0.0,0.29019503143730563,0.7096648022319819,0.0,0.0,0.0,0.0,0.0,89,723,VU,VUT,10,Oceania,4. Lower middle income,282814,Melanesia,Vanuatu
0.10500241138178787,0.010309048111360457,182239.91000000003,0.06514319503340403,0.26676324631635295,0.0,0.0010644210700060154,0.006204787963295196,0.21419457461321176,0.0,0.0,0.033005942551222724,0.22850801451778588,0.0,0.05235960663062223,0.0,0.0,0.01744475181095074,90,58940,KH,KHM,14,Asia,5. Low income,16204486,South-Eastern Asia,Cambodia
0.06258924209314197,0.009681368467209224,510094.20999999996,0.16347041069138973,0.41410132845852143,0.0,0.007550428772755527,0.013047001650930326,0.09856000914027235,0.0,0.0,0.020906000873838582,0.17391897077208543,0.0,0.030235708811515428,0.0,0.0,0.005939530268340039,91,1161000,TH,THA,16,Asia,3. Upper middle income,68414135,South-Eastern Asia,Thailand
0.0792544257077576,7.754973743076206E-4,229027.21,0.22395827989172118,0.0166873185068272,0.0,4.216966184934969E-4,8.86794193580754E-5,0.05433511590173063,0.0,8.902872283166704E-5,0.003563594037581823,0.6087965268406318,0.0,0.006972926928638741,0.0,0.0,0.005056910050120246,92,40960,LA,LAO,13,Asia,4. Lower middle income,7126706,South-Eastern Asia,Laos
0.04801803041215362,0.009469488957971853,679048.26,0.16243976532684143,0.20709713621827117,0.0,0.0010128882444967902,6.132701083719735E-4,0.04189054250724389,0.0,2.713356485148787E-4,0.02847212950667159,0.31804908829307654,0.010202559093517152,0.053717080432545396,0.0,0.0,0.11874668525032374,93,311100,MM,MMR,16,Asia,5. Low income,55123814,South-Eastern Asia,Myanmar
0.03472159637262933,0.027021047078744424,335987.72000000003,0.19998820194976172,0.14789117887999,1.2134372053835777E-4,0.009428886270010105,0.06361949776021575,0.21383855933782342,0.0,9.353615661905737E-4,0.03510214599509767,0.2617178687363931,1.1780192442747609E-4,0.00415661024754119,0.0,0.0,0.001339900160636823,94,594900,VN,VNM,16,Asia,4. Lower middle income,96160163,South-Eastern Asia,Vietnam
0.020770056798697478,7.975560405136494E-4,125596.18999999999,0.06039331288632244,0.3203183950086384,0.0,0.00828663672042918,0.0,0.017207767210135914,0.0,0.0,0.029229787941815754,0.0,0.0,0.4483641581802761,0.0,0.0,0.0946323292131712,95,40000,KP,PRK,15,Asia,5. Low income,25248140,Eastern Asia,North Korea
0.008901717306459087,6.984253471957521E-4,99037.06999999999,0.19680055155105053,0.2166048531120721,0.0,0.048781632978439286,6.936796494484339E-4,0.003992646389882092,0.0,0.0,0.0843085321486187,0.0,0.0,0.3625151673004866,0.0,0.0,0.07670279421634749,96,1929000,KR,KOR,16,Asia,1. High income: OECD,51181299,Eastern Asia,South Korea
0.6412728516323489,2.1651206745422225E-4,1544348.1,0.016379571419163852,2.325900488367875E-5,2.5668435762636675E-4,1.6143381145740393E-4,0.0,0.012876229135128278,4.3215645488216025E-5,0.3161864025345063,0.0075752675190263125,0.0,5.357924162305117E-4,0.0010750490773420837,0.0018720779337249157,0.0,0.0015256534456188988,97,37000,MN,MNG,12,Asia,4. Lower middle income,3068243,Eastern Asia,Mongolia
0.06915743291864536,0.0020587332894469084,3073797.87,0.04014855082191855,0.6544768963614384,0.03141694219470586,0.006881223455334102,0.014119490557132828,0.04910629663491828,0.0023360026597975354,0.042307329726921826,0.01092129392359817,0.02972245536756781,0.0022906450904658865,0.024128954842434058,0.0,1.3049003772001442E-5,0.02091470315190244,98,8721000,IN,IND,18,Asia,4. Lower middle income,1281935911,Southern Asia,India
0.01045553604641043,0.08830068866185706,133749.24000000002,0.07651393009784578,0.5165950101847308,0.0,0.0044975956498892996,0.13983010295983733,0.08242850576197665,0.0,0.002757398845780357,0.05372434265794706,0.010150637117638948,0.0,0.01381331213545587,0.0,0.0,9.329398806303496E-4,99,628400,BD,BGD,17,Asia,5. Low income,157826578,Southern Asia,Bangladesh
0.1650901122562432,0.0,38306.11,0.027166423319935126,0.0015094197766361555,0.0,4.952212584363173E-4,9.371873051061566E-5,0.002267001269510269,0.012452321574808823,0.07391771182195216,0.0,0.23669226658619213,0.17854410171118915,0.00879807424977373,0.0,0.0,0.2929736274448123,100,6432,BT,BTN,11,Asia,4. Lower middle income,758288,Southern Asia,Bhutan
0.1719541737223934,0.0,150710.91,0.23470357919011967,0.14585095398866613,0.0,0.0011518741410293388,0.0043114994130152885,0.08329038687378372,0.011548268137986826,0.12020344114437369,0.0,0.02061522951457197,0.014865745286787796,0.012537446691815475,0.0,0.0,0.17896740189545668,101,71520,NP,NPL,15,Asia,5. Low income,29384297,Southern Asia,Nepal
0.1297559148962728,8.530189408936872E-4,874212.71,0.0037490875647415377,0.21046138759524555,0.1404624167498091,0.004649040163234415,2.0207896542707554E-4,0.01629224768420491,0.014440021124835854,0.47059520559933293,0.007708101155381281,0.0,5.482647352496169E-4,0.0,0.0,0.0,2.832148253712761E-4,102,988200,PK,PAK,17,Asia,4. Lower middle income,204924861,Southern Asia,Pakistan
0.3882071314209436,0.0,652289.64,2.1433729960819247E-4,0.02723466526311839,0.09610238482401774,8.492239735710045E-4,0.0,0.0063606406503712055,0.004761979662899444,0.47602661602903884,2.7733078820629436E-5,0.0,2.1528779761088954E-4,0.0,0.0,0.0,0.0,103,64080,AF,AFG,15,Asia,5. Low income,34124811,Southern Asia,Afghanistan
0.45058466731327795,0.0,138011.82,0.0,0.0445208968333292,0.016026670759069765,0.005464169663149142,0.0,0.0014447313280847973,0.05245898503476006,0.42399477088266785,0.005505108185661199,0.0,0.0,0.0,0.0,0.0,0.0,104,25810,TJ,TJK,13,Asia,5. Low income,8468555,Central Asia,Tajikistan
0.7565749660159166,1.610303080585356E-4,195863.75,1.6460422104651833E-4,0.06145956053634223,0.0,0.005119885634784384,0.0,0.002111672016899503,0.01595879788883854,0.12389765844879413,0.03438711859647331,0.0,0.0,1.6470633284617494E-4,0.0,0.0,0.0,105,21010,KG,KGZ,13,Asia,5. Low income,5789122,Central Asia,Kyrgyzstan
0.19217648952513272,1.0604711520644072E-4,480729.72000000003,0.0,0.032563328932523665,0.20664347525674093,0.0014308455903246423,0.0,0.0,1.6795300278085571E-4,0.545558552111153,0.021353308466137685,0.0,0.0,0.0,0.0,0.0,0.0,106,94720,TM,TKM,13,Asia,3. Upper middle income,5351277,Central Asia,Turkmenistan
0.20603678433130715,1.3406550851096218E-4,1617642.0199999998,0.003246497021633996,0.041867087503080574,0.12064598198308427,0.003579444604189993,3.1725189730172815E-5,0.0019251230874924973,0.0,0.6072107906791393,0.00867664157240426,0.0,0.0,0.004680541124914646,0.0,0.0,0.0019653173945122916,107,1459000,IR,IRN,16,Asia,3. Upper middle income,82021564,Southern Asia,Iran
0.032754754204620234,2.8240581023765876E-4,185194.49000000002,0.0,0.2238729672788861,0.13828208387841345,0.0063733537644667495,0.0026608243042220096,0.0018515129688793654,0.0,0.5885077358403049,0.0053199746925515976,0.0,9.438725741786377E-5,0.0,0.0,0.0,0.0,108,50280,SY,SYR,14,Asia,4. Lower middle income,18028549,Western Asia,Syria
0.7441907796758804,5.69035132857485E-4,28644.98,0.01608414458659074,0.09595817487043104,0.0,0.018360285118020677,0.0,0.015349984534812034,0.0,0.001316461034359249,0.043034067400291434,0.0,0.0,0.06513706764675695,0.0,0.0,0.0,109,26300,AM,ARM,12,Asia,4. Lower middle income,3045191,Western Asia,Armenia
0.05610022132144136,0.001574026765466861,450665.78,0.4049649387623795,0.03160543940123432,0.0577879021566714,0.0026262921493617726,9.833007511686376E-4,0.06218637234892784,0.0010344473015013475,0.00362321718769062,0.05742659227421261,0.0,0.26428312351561284,8.008151850357931E-5,0.0,0.0,0.05572404454582728,110,498100,SE,SWE,13,Europe,1. High income: OECD,9960487,Northern Europe,Sweden
0.07792794806411599,0.0014351651942814323,208937.61999999997,0.15708487538050833,0.3259037314582219,0.0,0.006685009621532016,0.0027451255546990534,0.09348436150464433,0.0,0.0,0.0024643719020059672,0.0,0.024082355298198577,0.012358329725398425,0.0,0.0,0.2958287262963942,111,165400,BY,BLR,13,Europe,3. Upper middle income,9549747,Eastern Europe,Belarus
0.0577382646027312,0.0019363237376508226,572517.9,0.04058358699352457,0.6925689834326577,0.0,0.015250702205118824,0.01304539124453576,0.05985529884742469,0.0,0.0,0.02143803713386079,0.0,0.010745725155492955,0.04064964606346806,0.0,0.0,0.04618804058353459,112,352600,UA,UKR,15,Europe,4. Lower middle income,44033874,Eastern Europe,Ukraine
0.052959489712686277,0.0010440015056821716,310344.38,0.04058075741535903,0.5362804378800092,0.0,0.023474696077950566,0.008795648240834907,0.09228006642169578,0.0,0.0,0.013871525561377976,0.0,0.10417581913357027,0.012066659625026881,0.0,0.0,0.11447089842580685,113,1052000,PL,POL,15,Europe,1. High income: OECD,38476269,Eastern Europe,Poland
0.15148109214561375,0.0013339890055799526,85083.16,0.14494572133898176,0.18582290549622274,0.0,0.020595849989586655,0.005766593530376634,0.06317360568178239,0.002229465854347676,0.00929173293516602,0.003759498354315942,0.0,0.05635886114243993,0.020060608938361008,0.0,0.0,0.33518007558722546,114,416600,AT,AUT,13,Europe,1. High income: OECD,8754413,Western Europe,Austria
0.09604957338731906,0.002314276874717285,92473.81,0.01319292456967005,0.6891845377626379,0.0,0.023730935277782972,0.002295568875122589,0.0376567159934256,0.0,0.0,0.008874188270170766,0.0,3.2128015488926E-4,0.1217540404142535,0.0,0.0,0.004625958420011028,115,267600,HU,HUN,13,Europe,1. High income: OECD,9850845,Eastern Europe,Hungary
0.019020706657541266,0.0,32320.04,4.5018508640459607E-4,0.9192346296601118,0.0,0.013620342054032111,0.0,0.009929443156629757,0.0,0.0,0.002693994190601249,0.0,0.0,0.03505069919467921,0.0,0.0,0.0,116,18540,MD,MDA,12,Europe,4. Lower middle income,3474121,Eastern Europe,Moldova
0.06214944031900577,0.004297719421030974,238370.61,0.0660081374964808,0.4648258440921052,0.0,0.011585824275903812,0.0051818049213365695,0.11694180754917732,0.0,0.0,0.005104530294233841,0.0,0.025111401107712063,0.18018609760657994,0.0,0.0,0.05860739291643379,117,441000,RO,ROU,15,Europe,3. Upper middle income,21529967,Eastern Europe,Romania
0.12417248017431434,2.7424669916672883E-5,63811.159999999996,0.04777612568083702,0.35947505107257105,0.0,0.008054233773528017,0.0024989359228072333,0.20471231051120214,0.0,0.0,0.004843666844483003,0.0,0.06023021678339652,0.0031420836104530934,0.0,0.0,0.185067470956491,118,85620,LT,LTU,12,Europe,3. Upper middle income,2823859,Northern Europe,Lithuania
0.03122693895758692,0.0,63933.58000000001,0.28038536243395096,0.15460341810985712,0.0,0.003810986339260213,0.023393809638065,0.11541446607557404,0.0,0.0,0.024526234883139653,0.0,0.03392301823235927,0.004666248941479579,0.0,0.0,0.32804951638872715,119,50650,LV,LVA,12,Europe,3. Upper middle income,1944643,Northern Europe,Latvia
0.0517832334138601,2.5035851877330595E-4,44655.96,0.2927239723432214,0.11545625712670829,0.0,0.003468965844648732,0.0017672892935231938,0.041804722146831015,0.0,0.0,0.09327153643097137,0.0,0.009945145060144269,0.004027457924989184,0.0,0.0,0.38550106189632916,120,38700,EE,EST,12,Europe,1. High income: OECD,1251581,Northern Europe,Estonia
0.050141085595397275,8.154204900810327E-4,357410.68999999994,0.012149636598726246,0.4292898178283364,0.0,0.06357372802699326,0.020529352381709682,0.1519963490739463,0.0,0.0,0.01909962458033922,0.0,0.061883515571400524,0.009769825295376589,0.0,0.0,0.18075164455769357,121,3979000,DE,DEU,16,Europe,1. High income: OECD,80594017,Western Europe,Germany
0.17758964098236446,0.0010532333365092762,110203.49999999999,0.1302673690037068,0.39403503518490796,0.0,0.013003670482334955,0.0014285390209929814,0.05253680690722164,0.0,0.0,0.007857645174608793,0.0,0.034995077288833845,0.165839832673191,0.0,0.0,0.021393149945328416,122,143100,BG,BGR,13,Europe,3. Upper middle income,7101510,Eastern Europe,Bulgaria
0.1899724463054509,0.0033137623078459957,131985.93,0.12164796656734547,0.2127395700435645,0.0,0.00961238822956356,0.007820682098463072,0.20026149757023345,0.0,5.253590287995092E-4,0.15525624587408673,0.0035804574017851754,0.050536901925834064,0.029792872619073867,0.0,0.0,0.014939850027953738,123,290500,GR,GRC,14,Europe,1. High income: OECD,10768477,Southern Europe,Greece
0.4977028051841842,9.706700335292668E-4,798654.5099999999,0.04770825121866527,0.26914465179693287,0.016349722985975503,0.007861910151862788,0.004428623335514628,0.05833561247904304,6.278058831721868E-5,0.0033369748328347893,0.04392596493319746,2.0401813044291207E-4,0.020066361360683987,0.018089912245033216,0.0,0.0,0.011811740723783055,124,1670000,TR,TUR,16,Asia,3. Upper middle income,80845215,Western Asia,Turkey
0.35401604038353307,0.002408785600904776,29691.310000000005,0.02522589942983317,0.0870338829778814,0.0,0.00271830377305683,0.0024310143270876226,0.44716383345834176,0.0,0.0,0.06346335005090714,0.0010915651751303662,5.466245847690789E-4,0.01054348898718177,0.0,0.0,0.003357211251372876,125,33900,AL,ALB,12,Europe,4. Lower middle income,3047987,Southern Europe,Albania
0.14810341741154065,0.001752763840056172,57537.69999999999,0.09259789668339195,0.21930091053344158,0.0,0.008108944222657493,0.00912740690017154,0.1763621069316292,0.0,0.0,0.042157402885412525,2.561798612040454E-4,0.0029982081313643058,0.2711145909551477,0.0,0.0,0.028120171643982995,126,94240,HR,HRV,12,Europe,2. High income: nonOECD,4292095,Southern Europe,Croatia
0.34234121055091715,6.348588863132567E-4,46167.740000000005,0.08849772590124617,0.06869147157733949,0.0,0.03396549192141525,0.011218439542416412,0.16384990904904592,0.011560453251556172,0.04525411033765135,0.029055786573048626,0.0,0.010073917415060817,0.022506191552802885,0.0,0.0,0.1723504334411864,127,496300,CH,CHE,13,Europe,1. High income: OECD,8236303,Western Europe,Switzerland
0.07400644290411004,0.0,2415.06,0.01656687618527076,0.19192483830629467,0.0,0.05079376909890438,0.011486257070217717,0.4438606080180203,0.0,0.0,0.0,0.0,0.0,0.011556648696098648,0.0,0.0,0.19980455972108355,128,58740,LU,LUX,11,Europe,1. High income: OECD,594130,Western Europe,Luxembourg
0.06065682656091656,0.0,30126.370000000003,0.0013612658942979189,0.4329625507487294,0.0,0.11057289676784822,0.0294273754189436,0.21162489871829893,0.0,0.0,0.006194241124967926,0.0,2.5227068511739047E-4,0.0,0.0,0.0,0.14694767408087997,129,508600,BE,BEL,14,Europe,1. High income: OECD,11491346,Western Europe,Belgium
0.11724449208581154,0.0011217472521448002,39946.61,6.571271003972553E-4,0.18746321652826112,0.0,0.10830255683773916,0.1127399796878884,0.2603447451485871,0.0,0.0,0.18018425092892737,0.0,1.4544413155459247E-4,0.0,0.0,0.0,0.03179644029868867,130,870800,NL,NLD,14,Europe,1. High income: OECD,17084719,Western Europe,Netherlands
0.19477815778955565,0.0017731701929672996,93397.68999999999,0.15109699179926186,0.1380094090121501,0.0,0.014169515327413347,0.006846743211743247,0.3514521611830015,0.0,0.0,0.08281618099976563,0.005945007847624498,0.05181113151727843,0.0,0.0,1.795547620074972E-4,0.0011219763572311052,131,297100,PT,PRT,14,Europe,1. High income: OECD,10839514,Southern Europe,Portugal
0.2751100532166558,8.923570134532154E-4,502209.30999999994,0.11582061272420459,0.2757099027096889,0.08891577497836511,0.009114307339304404,0.0018137457467684143,0.14837092526221787,3.116230561317153E-5,7.689423360152365E-4,0.026050114443318468,0.016567912689631342,0.026432445069566716,0.005518077711462578,0.0,9.867001469964784E-4,0.007896966306737724,132,1690000,ES,ESP,15,Europe,1. High income: OECD,48958159,Southern Europe,Spain
0.37115502023966085,6.594349996494188E-4,58474.299999999996,0.0017807823265947604,0.03558075941054446,0.0,0.005085824028675846,0.03522350844730079,0.46366335296018935,0.0,0.0,0.05146175328306624,0.013136198295661514,0.0,0.0,0.0,0.0,0.022253366008656798,133,322000,IE,IRL,13,Europe,1. High income: OECD,5011102,Northern Europe,Ireland
0.002569412701360057,0.008905918739522987,23211.53,0.2095359504522106,0.0,0.0,1.680199452599635E-5,0.0017082027768096286,0.10938873913094053,0.0,0.0,0.3328595745304166,0.3346444633335243,0.0,0.0,0.0,0.0,3.7093634068930396E-4,134,10770,NC,NCL,10,Oceania,2. High income: nonOECD,279070,Melanesia,New Caledonia
0.0,0.0018474395951570952,24720.699999999997,0.0026273527853175683,0.0,0.0,0.0,0.0,8.515131044023836E-4,0.0,0.0,0.3073521380867047,0.6873215564284184,0.0,0.0,0.0,0.0,0.0,135,1198,SB,SLB,11,Oceania,4. Lower middle income,647581,Melanesia,Solomon Is.
0.3513484776266941,0.002079983800136562,277631.97000000003,0.015354391643008546,0.003937983078821938,0.0,0.003711784345297121,1.114064781516336E-4,0.14877944352013925,0.0035167059470852724,0.010731004790262446,0.08209854218157944,0.259274211107604,0.11103004455862918,2.21228124412329E-4,0.0,1.7220639251308125E-4,0.007632586405665024,136,174800,NZ,NZL,12,Oceania,1. High income: OECD,4510327,Australia and New Zealand,New Zealand
0.23773849974936173,7.663509000201806E-4,7687274.850000001,0.015039546816776038,0.03800441452929187,0.5413352340329031,0.0012919454805235694,5.975849816271366E-5,0.07213171908377908,0.0,0.014868013988077971,0.010553803731890762,0.02766539562456258,0.004837870471094187,1.2316458283002591E-5,0.0,0.0354698180201011,2.253126151720723E-4,137,1189000,AU,AUS,15,Oceania,1. High income: OECD,23232413,Australia and New Zealand,Australia
0.04640404280578286,5.324635205110914E-4,65356.590000000004,0.3784016271350754,0.03304716479241037,0.0,0.004122155087956701,0.09362667177097213,0.2669762911437087,0.0,0.0,0.06916609327383819,0.10772349046974451,0.0,0.0,0.0,0.0,0.0,138,236700,LK,LKA,15,Asia,4. Lower middle income,22409381,Southern Asia,Sri Lanka
0.0051655270994431625,0.0029298583300273215,34356.61000000001,0.03945150583832339,0.10326921078651238,0.0,0.07927324610897289,0.06482566236890076,0.0766970315173703,0.0,0.001655285547671903,0.03113665754566588,0.5546653176783156,0.039227968067862336,0.0,0.0,0.0,0.00170272911093382,139,1127000,TW,TWN,15,Asia,2. High income: nonOECD,23508428,Eastern Asia,Taiwan
0.10379730853901925,0.0010264737358150118,315078.69,0.10081034042638681,0.34690280069401075,0.0,0.03575408416227705,0.02660135472824265,0.15496113050362118,3.304888693043633E-4,0.004770300397021455,0.0714608785506884,0.012276933105187151,0.024089601235805568,0.08697376518862637,0.0,0.0,0.030244539863993974,140,2221000,IT,ITA,16,Europe,1. High income: OECD,62137802,Southern Europe,Italy
0.0058318805260545595,0.0025658403998175504,42773.51,0.0,0.5965563733254531,0.0,0.013818833198397794,0.06118015566176355,0.10142235229234167,0.0,0.0,0.19757228247109018,0.0,0.0033611924763714738,0.0,0.0,0.0,0.017691089648710148,141,264800,DK,DNK,13,Europe,1. High income: OECD,5605948,Northern Europe,Denmark
0.15487937277081637,0.001023176408007847,249937.34999999998,0.0030876537660337686,0.22696747804999937,0.0,0.036197911196545855,0.03493215399779185,0.41173546090650326,0.0,0.0,0.10100275128947316,3.2088041263140543E-5,0.00399696163858663,3.1715948016572957E-4,0.0,0.0,0.02582783245481318,142,2788000,GB,GBR,16,Europe,1. High income: OECD,64769452,Northern Europe,United Kingdom
0.5055243868490049,0.004022767035206326,107873.51000000001,0.0,0.0,0.001302451361784742,5.236688784855521E-4,0.0,0.013174411400908342,0.10670135791446853,0.23989884078120752,0.1287708168576326,0.0,0.0,0.0,0.0,8.129892130143905E-5,0.0,143,16150,IS,ISL,10,Europe,1. High income: OECD,339747,Northern Europe,Iceland
0.569037873656869,0.0016319354926159007,91112.67,0.02590506896571026,0.26553485920234804,0.010775779043682947,0.015500698201468576,0.0,0.03057148912439949,0.0,0.005969312500665385,0.037089023952431646,0.0,0.0,0.03798395985980874,0.0,0.0,0.0,144,167900,AZ,AZE,13,Asia,3. Upper middle income,9961396,Western Asia,Azerbaijan
0.39637249514715434,2.286078203866891E-4,69026.51,0.11199682556745229,0.02972770896283182,0.0,0.009377121920259333,2.3034628289913544E-4,0.0817511996477875,0.0019021677323683324,0.011179472930038039,0.020037229174704036,2.2672448599820563E-4,0.0023182397603471482,0.2831742471117256,0.0,2.27738589130466E-4,0.051249874866917074,145,37270,GE,GEO,12,Asia,4. Lower middle income,4926330,Western Asia,Georgia
0.025591347437152228,0.009477848426153438,292213.99999999994,0.22821538324652485,0.064058429780914,0.0,0.007401014325117894,0.08914976695161768,0.12775151087901335,0.0,7.04620586282656E-5,0.15105261897102812,0.2968827297802296,0.0,3.4888814362077114E-4,0.0,0.0,0.0,146,801900,PH,PHL,17,Asia,4. Lower middle income,104256076,South-Eastern Asia,Philippines
0.013549116879363339,0.013445797307877566,338174.07000000007,0.21890229490392327,0.008860170739879611,0.0,0.014792145358749708,0.008373734863823236,0.007553772529041033,0.0,0.0,0.04389502719708817,0.670627940220254,0.0,0.0,0.0,0.0,0.0,147,863000,MY,MYS,15,Asia,3. Upper middle income,31381992,South-Eastern Asia,Malaysia
0.004137658960050931,0.02504096992858659,10696.869999999999,0.023959345116842595,0.0,0.0,0.02582157210473718,0.0,0.009931877268771146,0.0,0.0,0.25837558089422424,0.6527329957267874,0.0,0.0,0.0,0.0,0.0,148,33730,BN,BRN,10,Asia,2. High income: nonOECD,443593,South-Eastern Asia,Brunei
0.037869993361189486,0.0,19114.87,0.14717442493723473,0.09129018402950165,0.0,0.01554496577795193,0.033002578620728265,0.11093300660689819,0.0,0.0,0.0,0.0,0.0043735583867428865,0.2615094949638685,0.0,0.0,0.29830179331588447,149,68350,SI,SVN,12,Europe,1. High income: OECD,1972126,Southern Europe,Slovenia
0.026835731057324078,0.0021581391336311503,341256.95999999996,0.5190796108598049,0.0,0.03491178612151969,0.001709122650568065,0.0,0.08722928317711089,0.0,4.465842982367305E-5,0.07592299362919955,0.0,0.154719892013338,0.0,0.0,0.0,0.09738878292768008,150,224137,FI,FIN,13,Europe,1. High income: OECD,5491218,Northern Europe,Finland
0.046865057537346745,0.0019412467448476868,47067.689999999995,0.02924107811536959,0.3632789287088447,0.0,0.023580507137698922,0.0,0.041958931912741,0.0,0.0,0.0016856574010749201,0.0,0.024505557846582236,0.335256096060801,0.0,0.0,0.13168693853469335,151,168800,SK,SVK,13,Europe,1. High income: OECD,5445829,Eastern Europe,Slovakia
0.01766383008437333,0.0010376869015612472,81199.83,0.016382546613705966,0.5474186337582234,0.0,0.03259982194544003,0.012754829659126134,0.06591479317136502,0.0,0.0,0.0015784515805020772,0.0,0.07016110748015113,0.03411324875926464,0.0,0.0,0.20037505004628703,152,350900,CZ,CZE,14,Europe,1. High income: OECD,10674723,Eastern Europe,Czechia
0.3413250978121847,0.0,119271.95000000001,0.0,0.029156729641797587,0.10773488653451209,0.0,0.0,0.0,0.0,0.5066657332256242,0.015117552785881339,0.0,0.0,0.0,0.0,0.0,0.0,153,9169,ER,ERI,13,Africa,5. Low income,5918919,Eastern Africa,Eritrea
0.0203775271693812,3.951406646139423E-4,404564.79000000004,0.04021402851197208,0.06545413900206193,0.0,0.07363050551186127,0.020257472233310266,0.016018299565812435,0.0,0.0,0.15856716052823083,0.05027380163261364,0.05375591385498475,0.1943137216661885,0.0,6.923489313046743E-5,0.30667305476583856,154,4932000,JP,JPN,17,Asia,1. High income: OECD,126451398,Eastern Asia,Japan
0.06476745681075888,0.0038777364247262695,401252.12999999995,0.13328908683923998,0.032420513256839284,0.0,0.0024354761680642047,0.03765330790892001,0.6755698966632278,0.0,0.0,0.006714631022644043,0.02219900988438367,0.0,0.021023863474568975,0.0,0.0,4.902154662705467E-5,155,64670,PY,PRY,13,South America,4. Lower middle income,6943739,South America,Paraguay
0.05440963657895778,0.0,455758.42,0.0,0.006476347710701648,0.07638404135243404,0.0010426795845044398,0.0,0.001225605442462259,0.0,0.846924100711074,0.01353758861986576,0.0,0.0,0.0,0.0,0.0,0.0,156,73450,YE,YEM,15,Asia,4. Lower middle income,28036829,Western Asia,Yemen
0.007050842247924797,0.0,1920016.01,0.0,0.0021475289677402223,0.014493920808504092,0.0016293041223130217,0.0,0.0,0.0,0.9714013478460526,0.003277056007465271,0.0,0.0,0.0,0.0,0.0,0.0,157,1731000,SA,SAU,15,Asia,2. High income: nonOECD,28571770,Western Asia,Saudi Arabia
0.4423585684353108,0.004624436496010497,3779.92,0.0,0.3839314059556816,0.0,0.010132489576498973,0.0,0.0,0.0,0.0,0.15895309953649814,0.0,0.0,0.0,0.0,0.0,0.0,158,3600,-99,-99,10,Asia,3. Upper middle income,265100,Western Asia,N. Cyprus
0.6020734806807579,0.0,6216.6,0.01692243348454139,0.15133513496123283,0.0,0.03155583437892095,0.0,0.06147733487758582,0.0,0.0,0.1112408712157771,0.0,0.025394910401183926,0.0,0.0,0.0,0.0,159,29260,CY,CYP,12,Asia,2. High income: nonOECD,1221549,Western Asia,Cyprus
0.09427646341444662,6.438130168954617E-5,591786.73,8.902362511575751E-4,0.13608400783167277,0.16882776333967475,0.0021785044081674494,0.0,0.007453411468013147,0.0,0.5628973126856021,0.025858656884719264,1.8447524161280198E-4,0.0010735117362297055,0.0,0.0,6.071444014974787E-5,1.505609968645292E-4,160,282800,MA,MAR,15,Africa,4. Lower middle income,33986655,Northern Africa,Morocco
0.005249073312986713,3.4871122381742095E-4,997014.08,0.0,0.031114836412340335,0.0021971304557704945,0.002965695328996758,3.1338574476300274E-4,0.0012151483357185889,0.0,0.9412755735606061,0.015320445625000604,0.0,0.0,0.0,0.0,0.0,0.0,161,1105000,EG,EGY,16,Africa,4. Lower middle income,97041072,Northern Africa,Egypt
0.0030838862850722307,0.0,1634732.78,0.0,0.0062719853210504535,0.005597141081369886,2.866829403151749E-4,0.0,0.0,0.0,0.9820250194040887,0.002735284968103472,0.0,0.0,0.0,0.0,0.0,0.0,162,90890,LY,LBY,13,Africa,3. Upper middle income,6653210,Northern Africa,Libya
0.43952800083137183,6.844263820937444E-4,1132393.5199999998,0.006936581551614673,0.1433621061342704,0.12463564786206127,4.940067124368569E-4,0.0016795486431254044,0.176513744091365,0.0,0.050752136059556405,0.005963006570366105,0.022014414211766246,0.0,0.004267253313141531,0.0,0.023150556354296345,1.857128253436138E-5,163,174700,ET,ETH,17,Africa,5. Low income,105350020,Eastern Africa,Ethiopia
0.23536706666642285,0.0,21876.680000000004,0.0,0.0,0.07897587750975009,0.0,0.0,0.0,0.0,0.6540535401166904,0.03160351570713654,0.0,0.0,0.0,0.0,0.0,0.0,164,3345,DJ,DJI,11,Africa,4. Lower middle income,865267,Eastern Africa,Djibouti
0.06325435176180931,0.0,167451.72,0.0,0.0,0.31842037812451257,1.2558843826746002E-4,0.0,0.0,0.0,0.5993921113500655,0.018682519355429732,0.0,1.2505096991538816E-4,0.0,0.0,0.0,0.0,165,12250,-99,-99,12,Africa,4. Lower middle income,3500000,Eastern Africa,Somaliland
0.13597706691731923,0.013308919121820813,245758.5,0.034340216106462235,0.1022660457318872,0.0,0.0012146070227479415,0.2909070896835715,0.2475244599881591,0.0,0.0,0.14704549384863597,0.026504108708345794,0.0,6.069779885538038E-4,0.0,4.4922149183039445E-5,2.6009273331339505E-4,166,84930,UG,UGA,15,Africa,5. Low income,39570125,Eastern Africa,Uganda
0.287348808898557,0.01789316749129676,23361.989999999998,0.0014707651188961216,0.1847800636846433,0.0,0.003648661779240553,0.27645846950538033,0.1532733298832848,0.0,0.0,0.01260894298816154,0.06251779065053963,0.0,0.0,0.0,0.0,0.0,167,21970,RW,RWA,14,Africa,5. Low income,11901484,Eastern Africa,Rwanda
0.12056739270390082,7.16315109091333E-4,50606.22,0.2580404147948612,0.10309740581296133,0.0,0.006963966089543933,0.03875946474563799,0.11227157452186708,0.0,0.0,0.002120687931246396,0.0,0.015388424584962085,0.24753083711844118,0.0,0.0,0.09454351658748666,168,42530,BA,BIH,12,Europe,3. Upper middle income,3856181,Southern Europe,Bosnia and Herz.
0.4281386240155792,0.0012889503434873088,25059.15,0.1660172032969993,0.12482266956381201,0.0,0.00934628668570163,0.0,0.11946135443540581,0.0,0.0,0.016350913738095666,0.0,3.7910304220214966E-5,0.1278814325306325,0.0,0.0,0.0066546550860663665,169,29520,MK,MKD,12,Europe,3. Upper middle income,2103721,Southern Europe,Macedonia
0.013860674912931312,0.0013949059548198693,76370.74,0.22597175305620976,0.37622510924995617,0.0,0.01462588944404624,0.1316891783423861,0.08863577857174096,0.0,0.0,0.0033815306752298063,0.0,0.0034185867519419084,0.1356917583880947,0.0,0.0,0.005104834652643145,170,101800,RS,SRB,13,Europe,3. Upper middle income,7111024,Southern Europe,Serbia
0.2674066899653495,0.0,13442.82,0.26499871306764505,0.0032946956070229313,0.0,0.004692467800654922,0.001554733307445908,0.2929549008318195,0.0,0.0,0.030144716659153366,0.0010994716882320823,0.017450207620127327,0.07354037322526077,0.0,0.0,0.04286303022728862,171,10610,ME,MNE,11,Europe,3. Upper middle income,642550,Southern Europe,Montenegro
0.1881051803841629,0.0,11229.09,0.22196010540480127,0.22033575294168983,0.0,0.008460169078705398,0.004214945289422384,0.2251838750958448,0.0,0.0,0.0,0.0,0.0,0.12287460515500365,0.0,0.0,0.008865366650369709,172,18490,XK,-99,12,Europe,4. Lower middle income,1895250,Southern Europe,Kosovo
0.04337936426905157,0.0027101601928258942,7737.55,0.10303390608138235,0.0027101601928258942,0.0,0.03794870469334608,0.0,0.054263946598083375,0.0,0.0,0.40125750399028115,0.35469625398220367,0.0,0.0,0.0,0.0,0.0,173,43570,TT,TTO,12,North America,2. High income: nonOECD,1218208,Caribbean,Trinidad and Tobago
0.4178407461615197,0.0047387609507507245,624838.4400000001,0.004146095749166776,0.027492178618204084,0.0,1.0183432376535604E-4,2.1301506354186528E-4,0.5296870019712615,0.0,0.0,6.769749953283923E-5,0.002807285672117099,0.0,0.009722337185273044,0.0,0.0,0.0031830468048668708,174,20880,SS,SSD,14,Africa,5. Low income,13026129,Eastern Africa,S. Sudan
0.30015722078887475,0.0010616417731841542,9514301.58,0.10023879230450039,0.1353141025828193,6.714954267825511E-4,0.01051686549544922,0.021653275152961886,0.08152443492336724,0.002974334980035392,0.238383770046524,0.011810317242434941,0.024396383491556296,0.006845419966181059,0.03960739175980587,0.00124763125282392,2.0947307411291874E-4,0.023387449738586065,175,21140000,CN,CHN,18,Asia,3. Upper middle income,1379302771,Eastern Asia,China
